use codigito;
LOCK TABLES `credentials` WRITE;
INSERT INTO `credentials` VALUES ('fc4458c0-7ffd-40c1-b391-fcb62b6c25cd','admin@admin.com','$2y$13$A9f72p5zksO7UyX3q0vAx.3OhkeF/ZCylJIpTN0gskQ916Ted3QKq','[\"ROLE_ADMIN\"]','2023-02-01 17:33:36','2023-02-01 17:33:36');
UNLOCK TABLES;

LOCK TABLES `fortunes` WRITE;
/*!40000 ALTER TABLE `fortunes` DISABLE KEYS */;
INSERT INTO `fortunes` VALUES ('73789579-da6c-4b31-8d5c-6fe87feafed8','Si el camino es bello, no preguntemos a dónde va','2023-03-14 08:49:37'),('86d83e1c-a03c-4c38-a237-5fc2ebb812ba','La felicidad es una dirección, no un lugar','2023-03-14 08:49:32'),('bd1e3828-192b-43db-80b3-dae50102bf7a','Cometer errores en la vida no solo es honorable, es más útil que no hacer nada','2023-03-14 08:49:43');
/*!40000 ALTER TABLE `fortunes` ENABLE KEYS */;
UNLOCK TABLES;

LOCK TABLES `tags` WRITE;
/*!40000 ALTER TABLE `tags` DISABLE KEYS */;
INSERT INTO `tags` VALUES ('6da3c593-0e7f-42ce-be1e-fe4615746cfb','libros','4453b1d3-a102-4fdb-a5f9-ec33237973cb.jpg','2023-03-14 18:15:30'),('932b669b-fefa-4fd5-afa3-ff2bace20ce1','arquitectura','35f783b6-9610-4ede-b0fb-0b0e081f08c2.jpg','2023-03-14 18:15:23');
/*!40000 ALTER TABLE `tags` ENABLE KEYS */;
UNLOCK TABLES;

LOCK TABLES `blogcontents` WRITE;
/*!40000 ALTER TABLE `blogcontents` DISABLE KEYS */;
INSERT INTO `blogcontents` VALUES ('099f524d-a2f8-42b4-baf5-1c5a41bc8774','1e480397-428a-44ed-b4b1-0cca665e101e',1,NULL,NULL,'https://www.youtube.com/embed/1rZxRCsQgZI','2023-03-15 13:02:23'),('1d4d9b27-24ba-4112-bd7b-b223be049023','fdb7f176-bb0f-424c-8218-24e61238e6ad',1,NULL,NULL,'https://www.youtube.com/embed/m3jbNRT5-oU','2023-03-15 12:59:50'),('1ebe8f5c-d03c-4741-9581-6564d4e80b2b','9fecdba9-5bd0-4a93-b309-a168d9d64c78',1,NULL,NULL,'https://www.youtube.com/embed/sMxDhUTRie8','2023-03-15 12:59:05'),('6d345c11-b048-4da6-9201-f53aa2c8bd26','e676beb8-594b-4dae-8f1e-1117b0ce3caf',1,NULL,NULL,'https://www.youtube.com/embed/g00x6l3US4Y','2023-03-15 12:58:15'),('72bd0106-c8d2-4664-9cc2-3aea56026672','69b618f9-8aaa-4331-a9a5-fe4581efc2e8',1,NULL,NULL,'https://www.youtube.com/embed/xbyEUH-6xrw','2023-03-15 13:00:17'),('7c662e50-9d78-4d63-9fe2-6141407f8e9a','37203a91-5b07-4c76-ba14-c3e6435352d8',1,NULL,NULL,'https://www.youtube.com/embed/tOcBgkUm9i0','2023-03-15 13:00:04'),('85ccf888-6ee8-447c-9617-85c3006d9c8c','5a205ae1-6bfb-44db-aad6-c44d6cd83373',1,NULL,NULL,'https://www.youtube.com/embed/GACBN0ZaZ4I','2023-03-15 12:59:34'),('a48ebd42-5d19-45da-9f18-0db279d6142b','f89ad3b9-c5ac-4770-a619-b4e94bb9b213',1,NULL,NULL,'https://www.youtube.com/embed/g29tYfa1kUo','2023-03-15 12:58:33'),('bf293655-fc27-4dcf-821b-bb094a35b2a6','3039a311-9639-45b1-a04d-b3af65e00092',1,NULL,NULL,'https://www.youtube.com/embed/uknOcAFsd6Y','2023-03-15 12:59:19'),('d1ebaa22-96f3-4ab2-9b8b-d4d3482f07b5','4d07d482-eb2d-4ec7-bdfa-febf2685ef08',1,NULL,NULL,'https://www.youtube.com/embed/VJQV48dqtco','2023-03-15 13:01:42'),('eefbdee8-5f1d-46c2-930f-a7aad086b3b8','dce5c160-0e8b-45a7-8d88-680a38da1073',1,NULL,NULL,'https://www.youtube.com/embed/_hxMLfUVKEY','2023-03-15 12:58:46'),('fa84e8b8-8565-4be9-a5c8-9c31010e7767','235acb30-dd49-417a-867f-3d708a9c6ae2',1,NULL,NULL,'https://www.youtube.com/embed/4kaJQ2B-Y3M','2023-03-15 13:02:51');
/*!40000 ALTER TABLE `blogcontents` ENABLE KEYS */;
UNLOCK TABLES;

LOCK TABLES `blogposts` WRITE;
/*!40000 ALTER TABLE `blogposts` DISABLE KEYS */;
INSERT INTO `blogposts` VALUES ('1e480397-428a-44ed-b4b1-0cca665e101e','12) {.\".} ~ Arquitectura limpia : guía para especialistas en la estructura y el diseño de software','053a0111-eb6d-42b6-acb5-f61afae7df93.jpg','arquitectura,libros','2023-03-15 13:02:19'),('235acb30-dd49-417a-867f-3d708a9c6ae2','13) {.\".} ~ Arquitectura limpia : guía para especialistas en la estructura y el diseño de software','0433f75b-203f-4fd4-bff5-443d322c3e65.jpg','arquitectura,libros','2023-03-15 13:02:44'),('3039a311-9639-45b1-a04d-b3af65e00092','6) {.\".} ~ Arquitectura limpia : guía para especialistas en la estructura y el diseño de software','3c53551d-c3b5-4d2f-bc05-d7e278aff7a9.jpg','arquitectura,libros','2023-03-14 18:19:57'),('37203a91-5b07-4c76-ba14-c3e6435352d8','9) {.\".} ~ Arquitectura limpia : guía para especialistas en la estructura y el diseño de software','40b34f95-bfaf-4a6c-a49c-f8e0db7243ae.jpg','arquitectura,libros','2023-03-14 18:26:11'),('4d07d482-eb2d-4ec7-bdfa-febf2685ef08','11) {.\".} ~ Arquitectura limpia : guía para especialistas en la estructura y el diseño de software','7b8d04cf-dbed-43fd-aac6-81f21907fc42.jpg','arquitectura,libros','2023-03-15 13:01:26'),('5a205ae1-6bfb-44db-aad6-c44d6cd83373','7) {.\".} ~ Arquitectura limpia : guía para especialistas en la estructura y el diseño de software','489e1635-4038-475d-b6f6-07941b6bdab1.jpg','arquitectura,libros','2023-03-14 18:22:19'),('69b618f9-8aaa-4331-a9a5-fe4581efc2e8','10) {.\".} ~ Arquitectura limpia : guía para especialistas en la estructura y el diseño de software','ecd28206-2732-4a85-89b5-8eb7b1264876.jpg','arquitectura,libros','2023-03-14 18:26:44'),('9fecdba9-5bd0-4a93-b309-a168d9d64c78','5) {.\".} ~ Arquitectura limpia : guía para especialistas en la estructura y el diseño de software','aa053168-8125-4cb4-824f-409d7eaed0a1.jpg','arquitectura,libros','2023-03-14 18:19:13'),('dce5c160-0e8b-45a7-8d88-680a38da1073','3 ~ 4) {.\".} ~ Arquitectura limpia: guía para especialistas en la estructura y el diseño de software','d224f4cd-8759-4953-a58c-87628b5c39d5.jpg','arquitectura,libros','2023-03-14 18:18:31'),('e676beb8-594b-4dae-8f1e-1117b0ce3caf','1) {.\".} ~ Arquitectura limpia : guía para especialistas en la estructura y el diseño de software','bd949a8b-3a99-4bc0-881a-561d0986f59c.jpg','arquitectura,libros','2023-03-14 18:16:26'),('f89ad3b9-c5ac-4770-a619-b4e94bb9b213','2) {.\".} ~ Arquitectura limpia : guía para especialistas en la estructura y el diseño de software','167f7313-0713-4ec3-b038-205559b29fc0.jpg','arquitectura,libros','2023-03-14 18:17:43'),('fdb7f176-bb0f-424c-8218-24e61238e6ad','8) {.\".} ~ Arquitectura limpia : guía para especialistas en la estructura y el diseño de software','014a8c74-0272-43a6-b23c-c0becff146be.jpg','arquitectura,libros','2023-03-14 18:23:29');
/*!40000 ALTER TABLE `blogposts` ENABLE KEYS */;
UNLOCK TABLES;